fecha_proceso,codigo_comercio,nombre_comercial,numero_documento,tipo_documento,estado
07/10/2026,COM001,BODEGA DON PEPE,20512345678,RUC,ACTIVO
07/10/2026,COM002,FARMACIA SANTA ROSA,10456789012,RUC,ACTIVO
07/10/2026,COM003,,20601234567,RUC,ACTIVO
07/10/2026,COM004,RESTAURANTE EL SABOR,20ABC123456,RUC,ACTIVO
07/10/2026,COM005,,2099-XYZ-01,RUC,INACTIVO
07/10/2026,COM006,LIBRERIA CENTRAL,,RUC,ACTIVO
07/10/2026,COM007,PANADERIA LA ESPIGA,20789456123,RUC,ACTIVO
07/10/2026,COM008,TIENDA ELECTRO MAS,10876543210,RUC,ACTIVO
07/10/2026,COM009,SUPERMERCADO NORTE,20456789@12,RUC,ACTIVO
07/10/2026,COM010,,,RUC,PENDIENTE
